[
{
  "model": "admin.logentry",
  "pk": 1,
  "fields": {
    "action_time": "2024-10-18T10:59:51.658Z",
    "user": 1,
    "content_type": 7,
    "object_id": "1",
    "object_repr": "Post object (1)",
    "action_flag": 1,
    "change_message": "[{\"added\": {}}]"
  }
},
{
  "model": "admin.logentry",
  "pk": 2,
  "fields": {
    "action_time": "2024-10-18T11:00:17.523Z",
    "user": 1,
    "content_type": 7,
    "object_id": "1",
    "object_repr": "Post object (1)",
    "action_flag": 3,
    "change_message": ""
  }
},
{
  "model": "admin.logentry",
  "pk": 3,
  "fields": {
    "action_time": "2024-10-18T11:01:41.770Z",
    "user": 1,
    "content_type": 7,
    "object_id": "2",
    "object_repr": "Post object (2)",
    "action_flag": 1,
    "change_message": "[{\"added\": {}}]"
  }
},
{
  "model": "admin.logentry",
  "pk": 4,
  "fields": {
    "action_time": "2024-10-18T11:02:53.757Z",
    "user": 1,
    "content_type": 7,
    "object_id": "2",
    "object_repr": "Post object (2)",
    "action_flag": 2,
    "change_message": "[]"
  }
},
{
  "model": "admin.logentry",
  "pk": 5,
  "fields": {
    "action_time": "2024-10-18T11:06:05.587Z",
    "user": 1,
    "content_type": 7,
    "object_id": "2",
    "object_repr": "Post object (2)",
    "action_flag": 2,
    "change_message": "[]"
  }
},
{
  "model": "admin.logentry",
  "pk": 6,
  "fields": {
    "action_time": "2024-10-18T11:06:41.596Z",
    "user": 1,
    "content_type": 7,
    "object_id": "2",
    "object_repr": "Post object (2)",
    "action_flag": 3,
    "change_message": ""
  }
},
{
  "model": "admin.logentry",
  "pk": 7,
  "fields": {
    "action_time": "2024-10-18T11:09:17.686Z",
    "user": 1,
    "content_type": 7,
    "object_id": "3",
    "object_repr": "Post object (3)",
    "action_flag": 1,
    "change_message": "[{\"added\": {}}]"
  }
},
{
  "model": "admin.logentry",
  "pk": 8,
  "fields": {
    "action_time": "2024-10-18T11:18:51.936Z",
    "user": 1,
    "content_type": 7,
    "object_id": "4",
    "object_repr": "Post object (4)",
    "action_flag": 1,
    "change_message": "[{\"added\": {}}]"
  }
},
{
  "model": "admin.logentry",
  "pk": 9,
  "fields": {
    "action_time": "2024-10-18T11:19:19.282Z",
    "user": 1,
    "content_type": 7,
    "object_id": "4",
    "object_repr": "Post object (4)",
    "action_flag": 3,
    "change_message": ""
  }
},
{
  "model": "admin.logentry",
  "pk": 10,
  "fields": {
    "action_time": "2024-10-18T11:19:19.282Z",
    "user": 1,
    "content_type": 7,
    "object_id": "3",
    "object_repr": "Post object (3)",
    "action_flag": 3,
    "change_message": ""
  }
},
{
  "model": "admin.logentry",
  "pk": 11,
  "fields": {
    "action_time": "2024-10-18T11:26:16.800Z",
    "user": 1,
    "content_type": 7,
    "object_id": "5",
    "object_repr": "Post object (5)",
    "action_flag": 1,
    "change_message": "[{\"added\": {}}]"
  }
},
{
  "model": "admin.logentry",
  "pk": 12,
  "fields": {
    "action_time": "2024-10-18T11:26:54.562Z",
    "user": 1,
    "content_type": 7,
    "object_id": "6",
    "object_repr": "Post object (6)",
    "action_flag": 1,
    "change_message": "[{\"added\": {}}]"
  }
},
{
  "model": "admin.logentry",
  "pk": 13,
  "fields": {
    "action_time": "2024-10-18T12:02:25.469Z",
    "user": 1,
    "content_type": 7,
    "object_id": "1",
    "object_repr": "wer gier ls",
    "action_flag": 1,
    "change_message": "[{\"added\": {}}]"
  }
},
{
  "model": "admin.logentry",
  "pk": 14,
  "fields": {
    "action_time": "2024-10-18T18:27:54.873Z",
    "user": 1,
    "content_type": 7,
    "object_id": "2",
    "object_repr": "Who is Batman?",
    "action_flag": 1,
    "change_message": "[{\"added\": {}}]"
  }
},
{
  "model": "admin.logentry",
  "pk": 15,
  "fields": {
    "action_time": "2024-10-18T19:28:22.639Z",
    "user": 1,
    "content_type": 7,
    "object_id": "3",
    "object_repr": "Night at the Museum",
    "action_flag": 1,
    "change_message": "[{\"added\": {}}]"
  }
},
{
  "model": "admin.logentry",
  "pk": 16,
  "fields": {
    "action_time": "2024-10-18T19:31:10.893Z",
    "user": 1,
    "content_type": 7,
    "object_id": "1",
    "object_repr": "wer gier ls",
    "action_flag": 3,
    "change_message": ""
  }
},
{
  "model": "admin.logentry",
  "pk": 17,
  "fields": {
    "action_time": "2024-10-19T06:14:04.859Z",
    "user": 1,
    "content_type": 7,
    "object_id": "4",
    "object_repr": "Green Line Issue",
    "action_flag": 1,
    "change_message": "[{\"added\": {}}]"
  }
},
{
  "model": "admin.logentry",
  "pk": 18,
  "fields": {
    "action_time": "2024-10-25T12:37:30.184Z",
    "user": 1,
    "content_type": 4,
    "object_id": "2",
    "object_repr": "user2",
    "action_flag": 3,
    "change_message": ""
  }
},
{
  "model": "admin.logentry",
  "pk": 19,
  "fields": {
    "action_time": "2024-10-26T16:40:27.607Z",
    "user": 1,
    "content_type": 7,
    "object_id": "4",
    "object_repr": "Green Line Issue",
    "action_flag": 2,
    "change_message": "[{\"changed\": {\"fields\": [\"Status\"]}}]"
  }
},
{
  "model": "admin.logentry",
  "pk": 20,
  "fields": {
    "action_time": "2024-10-26T16:41:41.083Z",
    "user": 1,
    "content_type": 7,
    "object_id": "9",
    "object_repr": "Disturbance at the Middle of the Night",
    "action_flag": 1,
    "change_message": "[{\"added\": {}}]"
  }
},
{
  "model": "admin.logentry",
  "pk": 21,
  "fields": {
    "action_time": "2024-10-27T08:25:58.018Z",
    "user": 1,
    "content_type": 7,
    "object_id": "10",
    "object_repr": "Signs of Apocalypse",
    "action_flag": 1,
    "change_message": "[{\"added\": {}}]"
  }
},
{
  "model": "admin.logentry",
  "pk": 22,
  "fields": {
    "action_time": "2024-10-27T08:27:26.519Z",
    "user": 1,
    "content_type": 7,
    "object_id": "11",
    "object_repr": "Terrifer 3",
    "action_flag": 1,
    "change_message": "[{\"added\": {}}]"
  }
},
{
  "model": "admin.logentry",
  "pk": 23,
  "fields": {
    "action_time": "2024-10-27T08:29:05.105Z",
    "user": 1,
    "content_type": 7,
    "object_id": "12",
    "object_repr": "Absolute Batman",
    "action_flag": 1,
    "change_message": "[{\"added\": {}}]"
  }
},
{
  "model": "admin.logentry",
  "pk": 24,
  "fields": {
    "action_time": "2024-10-27T08:30:39.761Z",
    "user": 1,
    "content_type": 7,
    "object_id": "13",
    "object_repr": "Tripowin Piccolo",
    "action_flag": 1,
    "change_message": "[{\"added\": {}}]"
  }
},
{
  "model": "admin.logentry",
  "pk": 25,
  "fields": {
    "action_time": "2024-10-29T09:45:41.684Z",
    "user": 1,
    "content_type": 7,
    "object_id": "2",
    "object_repr": "Who is Batman?",
    "action_flag": 2,
    "change_message": "[]"
  }
},
{
  "model": "admin.logentry",
  "pk": 26,
  "fields": {
    "action_time": "2024-10-30T16:10:49.072Z",
    "user": 1,
    "content_type": 7,
    "object_id": "7",
    "object_repr": "Higher Studies in the US",
    "action_flag": 2,
    "change_message": "[{\"changed\": {\"fields\": [\"Status\", \"Tags\"]}}]"
  }
},
{
  "model": "admin.logentry",
  "pk": 27,
  "fields": {
    "action_time": "2024-10-30T16:11:04.573Z",
    "user": 1,
    "content_type": 7,
    "object_id": "4",
    "object_repr": "Green Line Issue",
    "action_flag": 2,
    "change_message": "[{\"changed\": {\"fields\": [\"Tags\"]}}]"
  }
},
{
  "model": "admin.logentry",
  "pk": 28,
  "fields": {
    "action_time": "2024-10-30T16:11:22.975Z",
    "user": 1,
    "content_type": 7,
    "object_id": "12",
    "object_repr": "Absolute Batman",
    "action_flag": 2,
    "change_message": "[{\"changed\": {\"fields\": [\"Tags\"]}}]"
  }
},
{
  "model": "admin.logentry",
  "pk": 29,
  "fields": {
    "action_time": "2024-10-30T16:11:36.237Z",
    "user": 1,
    "content_type": 7,
    "object_id": "9",
    "object_repr": "Disturbance at the Middle of the Night",
    "action_flag": 2,
    "change_message": "[{\"changed\": {\"fields\": [\"Tags\"]}}]"
  }
},
{
  "model": "admin.logentry",
  "pk": 30,
  "fields": {
    "action_time": "2024-10-30T16:11:48.202Z",
    "user": 1,
    "content_type": 7,
    "object_id": "10",
    "object_repr": "Signs of Apocalypse",
    "action_flag": 2,
    "change_message": "[{\"changed\": {\"fields\": [\"Tags\"]}}]"
  }
},
{
  "model": "admin.logentry",
  "pk": 31,
  "fields": {
    "action_time": "2024-10-30T16:12:00.049Z",
    "user": 1,
    "content_type": 7,
    "object_id": "11",
    "object_repr": "Terrifer 3",
    "action_flag": 2,
    "change_message": "[{\"changed\": {\"fields\": [\"Tags\"]}}]"
  }
},
{
  "model": "admin.logentry",
  "pk": 32,
  "fields": {
    "action_time": "2024-10-30T16:12:14.176Z",
    "user": 1,
    "content_type": 7,
    "object_id": "13",
    "object_repr": "Tripowin Piccolo",
    "action_flag": 2,
    "change_message": "[{\"changed\": {\"fields\": [\"Tags\"]}}]"
  }
},
{
  "model": "admin.logentry",
  "pk": 33,
  "fields": {
    "action_time": "2024-11-03T08:21:10.725Z",
    "user": 1,
    "content_type": 7,
    "object_id": "14",
    "object_repr": "Markdown Post",
    "action_flag": 1,
    "change_message": "[{\"added\": {}}]"
  }
},
{
  "model": "admin.logentry",
  "pk": 34,
  "fields": {
    "action_time": "2024-11-03T08:22:20.371Z",
    "user": 1,
    "content_type": 7,
    "object_id": "14",
    "object_repr": "Markdown Post",
    "action_flag": 2,
    "change_message": "[{\"changed\": {\"fields\": [\"Body\"]}}]"
  }
},
{
  "model": "admin.logentry",
  "pk": 35,
  "fields": {
    "action_time": "2024-11-03T10:00:16.909Z",
    "user": 1,
    "content_type": 11,
    "object_id": "2",
    "object_repr": "localhost:8000",
    "action_flag": 1,
    "change_message": "[{\"added\": {}}]"
  }
},
{
  "model": "admin.logentry",
  "pk": 36,
  "fields": {
    "action_time": "2024-11-03T10:01:11.999Z",
    "user": 1,
    "content_type": 11,
    "object_id": "2",
    "object_repr": "localhost:8000",
    "action_flag": 3,
    "change_message": ""
  }
},
{
  "model": "admin.logentry",
  "pk": 37,
  "fields": {
    "action_time": "2024-11-03T10:01:23.259Z",
    "user": 1,
    "content_type": 11,
    "object_id": "1",
    "object_repr": "localhost:8000",
    "action_flag": 2,
    "change_message": "[{\"changed\": {\"fields\": [\"Domain name\", \"Display name\"]}}]"
  }
},
{
  "model": "auth.permission",
  "pk": 1,
  "fields": {
    "name": "Can add log entry",
    "content_type": 1,
    "codename": "add_logentry"
  }
},
{
  "model": "auth.permission",
  "pk": 2,
  "fields": {
    "name": "Can change log entry",
    "content_type": 1,
    "codename": "change_logentry"
  }
},
{
  "model": "auth.permission",
  "pk": 3,
  "fields": {
    "name": "Can delete log entry",
    "content_type": 1,
    "codename": "delete_logentry"
  }
},
{
  "model": "auth.permission",
  "pk": 4,
  "fields": {
    "name": "Can view log entry",
    "content_type": 1,
    "codename": "view_logentry"
  }
},
{
  "model": "auth.permission",
  "pk": 5,
  "fields": {
    "name": "Can add permission",
    "content_type": 2,
    "codename": "add_permission"
  }
},
{
  "model": "auth.permission",
  "pk": 6,
  "fields": {
    "name": "Can change permission",
    "content_type": 2,
    "codename": "change_permission"
  }
},
{
  "model": "auth.permission",
  "pk": 7,
  "fields": {
    "name": "Can delete permission",
    "content_type": 2,
    "codename": "delete_permission"
  }
},
{
  "model": "auth.permission",
  "pk": 8,
  "fields": {
    "name": "Can view permission",
    "content_type": 2,
    "codename": "view_permission"
  }
},
{
  "model": "auth.permission",
  "pk": 9,
  "fields": {
    "name": "Can add group",
    "content_type": 3,
    "codename": "add_group"
  }
},
{
  "model": "auth.permission",
  "pk": 10,
  "fields": {
    "name": "Can change group",
    "content_type": 3,
    "codename": "change_group"
  }
},
{
  "model": "auth.permission",
  "pk": 11,
  "fields": {
    "name": "Can delete group",
    "content_type": 3,
    "codename": "delete_group"
  }
},
{
  "model": "auth.permission",
  "pk": 12,
  "fields": {
    "name": "Can view group",
    "content_type": 3,
    "codename": "view_group"
  }
},
{
  "model": "auth.permission",
  "pk": 13,
  "fields": {
    "name": "Can add user",
    "content_type": 4,
    "codename": "add_user"
  }
},
{
  "model": "auth.permission",
  "pk": 14,
  "fields": {
    "name": "Can change user",
    "content_type": 4,
    "codename": "change_user"
  }
},
{
  "model": "auth.permission",
  "pk": 15,
  "fields": {
    "name": "Can delete user",
    "content_type": 4,
    "codename": "delete_user"
  }
},
{
  "model": "auth.permission",
  "pk": 16,
  "fields": {
    "name": "Can view user",
    "content_type": 4,
    "codename": "view_user"
  }
},
{
  "model": "auth.permission",
  "pk": 17,
  "fields": {
    "name": "Can add content type",
    "content_type": 5,
    "codename": "add_contenttype"
  }
},
{
  "model": "auth.permission",
  "pk": 18,
  "fields": {
    "name": "Can change content type",
    "content_type": 5,
    "codename": "change_contenttype"
  }
},
{
  "model": "auth.permission",
  "pk": 19,
  "fields": {
    "name": "Can delete content type",
    "content_type": 5,
    "codename": "delete_contenttype"
  }
},
{
  "model": "auth.permission",
  "pk": 20,
  "fields": {
    "name": "Can view content type",
    "content_type": 5,
    "codename": "view_contenttype"
  }
},
{
  "model": "auth.permission",
  "pk": 21,
  "fields": {
    "name": "Can add session",
    "content_type": 6,
    "codename": "add_session"
  }
},
{
  "model": "auth.permission",
  "pk": 22,
  "fields": {
    "name": "Can change session",
    "content_type": 6,
    "codename": "change_session"
  }
},
{
  "model": "auth.permission",
  "pk": 23,
  "fields": {
    "name": "Can delete session",
    "content_type": 6,
    "codename": "delete_session"
  }
},
{
  "model": "auth.permission",
  "pk": 24,
  "fields": {
    "name": "Can view session",
    "content_type": 6,
    "codename": "view_session"
  }
},
{
  "model": "auth.permission",
  "pk": 25,
  "fields": {
    "name": "Can add post",
    "content_type": 7,
    "codename": "add_post"
  }
},
{
  "model": "auth.permission",
  "pk": 26,
  "fields": {
    "name": "Can change post",
    "content_type": 7,
    "codename": "change_post"
  }
},
{
  "model": "auth.permission",
  "pk": 27,
  "fields": {
    "name": "Can delete post",
    "content_type": 7,
    "codename": "delete_post"
  }
},
{
  "model": "auth.permission",
  "pk": 28,
  "fields": {
    "name": "Can view post",
    "content_type": 7,
    "codename": "view_post"
  }
},
{
  "model": "auth.permission",
  "pk": 29,
  "fields": {
    "name": "Can add comment",
    "content_type": 8,
    "codename": "add_comment"
  }
},
{
  "model": "auth.permission",
  "pk": 30,
  "fields": {
    "name": "Can change comment",
    "content_type": 8,
    "codename": "change_comment"
  }
},
{
  "model": "auth.permission",
  "pk": 31,
  "fields": {
    "name": "Can delete comment",
    "content_type": 8,
    "codename": "delete_comment"
  }
},
{
  "model": "auth.permission",
  "pk": 32,
  "fields": {
    "name": "Can view comment",
    "content_type": 8,
    "codename": "view_comment"
  }
},
{
  "model": "auth.permission",
  "pk": 33,
  "fields": {
    "name": "Can add tag",
    "content_type": 9,
    "codename": "add_tag"
  }
},
{
  "model": "auth.permission",
  "pk": 34,
  "fields": {
    "name": "Can change tag",
    "content_type": 9,
    "codename": "change_tag"
  }
},
{
  "model": "auth.permission",
  "pk": 35,
  "fields": {
    "name": "Can delete tag",
    "content_type": 9,
    "codename": "delete_tag"
  }
},
{
  "model": "auth.permission",
  "pk": 36,
  "fields": {
    "name": "Can view tag",
    "content_type": 9,
    "codename": "view_tag"
  }
},
{
  "model": "auth.permission",
  "pk": 37,
  "fields": {
    "name": "Can add tagged item",
    "content_type": 10,
    "codename": "add_taggeditem"
  }
},
{
  "model": "auth.permission",
  "pk": 38,
  "fields": {
    "name": "Can change tagged item",
    "content_type": 10,
    "codename": "change_taggeditem"
  }
},
{
  "model": "auth.permission",
  "pk": 39,
  "fields": {
    "name": "Can delete tagged item",
    "content_type": 10,
    "codename": "delete_taggeditem"
  }
},
{
  "model": "auth.permission",
  "pk": 40,
  "fields": {
    "name": "Can view tagged item",
    "content_type": 10,
    "codename": "view_taggeditem"
  }
},
{
  "model": "auth.permission",
  "pk": 41,
  "fields": {
    "name": "Can add site",
    "content_type": 11,
    "codename": "add_site"
  }
},
{
  "model": "auth.permission",
  "pk": 42,
  "fields": {
    "name": "Can change site",
    "content_type": 11,
    "codename": "change_site"
  }
},
{
  "model": "auth.permission",
  "pk": 43,
  "fields": {
    "name": "Can delete site",
    "content_type": 11,
    "codename": "delete_site"
  }
},
{
  "model": "auth.permission",
  "pk": 44,
  "fields": {
    "name": "Can view site",
    "content_type": 11,
    "codename": "view_site"
  }
},
{
  "model": "auth.user",
  "pk": 1,
  "fields": {
    "password": "pbkdf2_sha256$870000$maZO4AGoxNkmTmAP8kbU9K$ZG+S0l16F9c8x+kAsOSittZxC5wxLEpdSrAXh4kdQuw=",
    "last_login": "2024-11-03T08:14:43.652Z",
    "is_superuser": true,
    "username": "jhd",
    "first_name": "",
    "last_name": "",
    "email": "jhdhj999@gmail.com",
    "is_staff": true,
    "is_active": true,
    "date_joined": "2024-10-18T09:33:33.087Z",
    "groups": [],
    "user_permissions": []
  }
},
{
  "model": "auth.user",
  "pk": 3,
  "fields": {
    "password": "",
    "last_login": null,
    "is_superuser": false,
    "username": "user2",
    "first_name": "",
    "last_name": "",
    "email": "",
    "is_staff": false,
    "is_active": true,
    "date_joined": "2024-10-26T06:56:24.739Z",
    "groups": [],
    "user_permissions": []
  }
},
{
  "model": "sessions.session",
  "pk": "a50vu4eyushk18048qle9nx5z7yjinum",
  "fields": {
    "session_data": ".eJxVjDsOwjAQBe_iGln22vFuKOk5g7X-4QBypDipEHeHSCmgfTPzXsLztla_9bz4KYmz0OL0uwWOj9x2kO7cbrOMc1uXKchdkQft8jqn_Lwc7t9B5V6_tUVDI2IirTKgTWBBa5OMizCUDJYKanDGWWbMEAYqpEJRQY9EiATi_QGm3zZm:1t7Vkx:LyQs6c0mJSYluZEcSG_qtJnsaKz52p3HhHm2E0bS15s",
    "expire_date": "2024-11-17T08:14:43.687Z"
  }
},
{
  "model": "sessions.session",
  "pk": "bb07sn0c9uznlh2bqefn3ztc80sgm5v9",
  "fields": {
    "session_data": ".eJxVjDsOwjAQBe_iGln22vFuKOk5g7X-4QBypDipEHeHSCmgfTPzXsLztla_9bz4KYmz0OL0uwWOj9x2kO7cbrOMc1uXKchdkQft8jqn_Lwc7t9B5V6_tUVDI2IirTKgTWBBa5OMizCUDJYKanDGWWbMEAYqpEJRQY9EiATi_QGm3zZm:1t1jOh:01_bi7i9tGCrzsugNPgJFLW5AhL5dqM2SWhkeMHNhAQ",
    "expire_date": "2024-11-01T09:35:51.974Z"
  }
},
{
  "model": "sites.site",
  "pk": 1,
  "fields": {
    "domain": "localhost:8000",
    "name": "localhost:8000"
  }
},
{
  "model": "taggit.tag",
  "pk": 1,
  "fields": {
    "name": "geek",
    "slug": "geek"
  }
},
{
  "model": "taggit.tag",
  "pk": 2,
  "fields": {
    "name": "misc",
    "slug": "misc"
  }
},
{
  "model": "taggit.tag",
  "pk": 3,
  "fields": {
    "name": "higher",
    "slug": "higher"
  }
},
{
  "model": "taggit.tag",
  "pk": 4,
  "fields": {
    "name": "studies",
    "slug": "studies"
  }
},
{
  "model": "taggit.tag",
  "pk": 5,
  "fields": {
    "name": "gadgets",
    "slug": "gadgets"
  }
},
{
  "model": "taggit.tag",
  "pk": 6,
  "fields": {
    "name": "comics",
    "slug": "comics"
  }
},
{
  "model": "taggit.tag",
  "pk": 7,
  "fields": {
    "name": "dc",
    "slug": "dc"
  }
},
{
  "model": "taggit.tag",
  "pk": 8,
  "fields": {
    "name": "news",
    "slug": "news"
  }
},
{
  "model": "taggit.tag",
  "pk": 9,
  "fields": {
    "name": "eschatology",
    "slug": "eschatology"
  }
},
{
  "model": "taggit.tag",
  "pk": 10,
  "fields": {
    "name": "islamic",
    "slug": "islamic"
  }
},
{
  "model": "taggit.tag",
  "pk": 11,
  "fields": {
    "name": "hollywood",
    "slug": "hollywood"
  }
},
{
  "model": "taggit.tag",
  "pk": 12,
  "fields": {
    "name": "movie",
    "slug": "movie"
  }
},
{
  "model": "taggit.tag",
  "pk": 13,
  "fields": {
    "name": "music",
    "slug": "music"
  }
},
{
  "model": "taggit.tag",
  "pk": 14,
  "fields": {
    "name": "markdown",
    "slug": "markdown"
  }
},
{
  "model": "taggit.taggeditem",
  "pk": 2,
  "fields": {
    "tag": 2,
    "content_type": 7,
    "object_id": 2
  }
},
{
  "model": "taggit.taggeditem",
  "pk": 3,
  "fields": {
    "tag": 3,
    "content_type": 7,
    "object_id": 7
  }
},
{
  "model": "taggit.taggeditem",
  "pk": 4,
  "fields": {
    "tag": 4,
    "content_type": 7,
    "object_id": 7
  }
},
{
  "model": "taggit.taggeditem",
  "pk": 5,
  "fields": {
    "tag": 5,
    "content_type": 7,
    "object_id": 4
  }
},
{
  "model": "taggit.taggeditem",
  "pk": 6,
  "fields": {
    "tag": 6,
    "content_type": 7,
    "object_id": 12
  }
},
{
  "model": "taggit.taggeditem",
  "pk": 7,
  "fields": {
    "tag": 7,
    "content_type": 7,
    "object_id": 12
  }
},
{
  "model": "taggit.taggeditem",
  "pk": 8,
  "fields": {
    "tag": 8,
    "content_type": 7,
    "object_id": 9
  }
},
{
  "model": "taggit.taggeditem",
  "pk": 9,
  "fields": {
    "tag": 9,
    "content_type": 7,
    "object_id": 10
  }
},
{
  "model": "taggit.taggeditem",
  "pk": 10,
  "fields": {
    "tag": 10,
    "content_type": 7,
    "object_id": 10
  }
},
{
  "model": "taggit.taggeditem",
  "pk": 11,
  "fields": {
    "tag": 11,
    "content_type": 7,
    "object_id": 11
  }
},
{
  "model": "taggit.taggeditem",
  "pk": 12,
  "fields": {
    "tag": 12,
    "content_type": 7,
    "object_id": 11
  }
},
{
  "model": "taggit.taggeditem",
  "pk": 13,
  "fields": {
    "tag": 5,
    "content_type": 7,
    "object_id": 13
  }
},
{
  "model": "taggit.taggeditem",
  "pk": 14,
  "fields": {
    "tag": 13,
    "content_type": 7,
    "object_id": 13
  }
},
{
  "model": "taggit.taggeditem",
  "pk": 15,
  "fields": {
    "tag": 14,
    "content_type": 7,
    "object_id": 14
  }
},
{
  "model": "blog.post",
  "pk": 2,
  "fields": {
    "title": "Who is Batman?",
    "slug": "batman",
    "author": 1,
    "body": "Bruce Wayne is Batman!!!!!!",
    "publish": "2024-10-18T18:27:13Z",
    "created": "2024-10-18T18:27:54.870Z",
    "updated": "2024-10-29T09:45:41.659Z",
    "status": "PB"
  }
},
{
  "model": "blog.post",
  "pk": 4,
  "fields": {
    "title": "Green Line Issue",
    "slug": "green-line-issue",
    "author": 1,
    "body": "green line or white line whatever man!!!!",
    "publish": "2024-10-19T06:13:33Z",
    "created": "2024-10-19T06:14:04.800Z",
    "updated": "2024-10-30T16:11:04.566Z",
    "status": "PB"
  }
},
{
  "model": "blog.post",
  "pk": 5,
  "fields": {
    "title": "New title",
    "slug": "another-post",
    "author": 1,
    "body": "Post body.",
    "publish": "2024-10-19T06:31:26.761Z",
    "created": "2024-10-19T06:31:30.230Z",
    "updated": "2024-10-19T06:41:40.793Z",
    "status": "DF"
  }
},
{
  "model": "blog.post",
  "pk": 6,
  "fields": {
    "title": "One more post",
    "slug": "one-more-post",
    "author": 1,
    "body": "Post body.",
    "publish": "2024-10-19T06:38:52.221Z",
    "created": "2024-10-19T06:38:52.222Z",
    "updated": "2024-10-19T06:38:52.222Z",
    "status": "DF"
  }
},
{
  "model": "blog.post",
  "pk": 7,
  "fields": {
    "title": "Higher Studies in the US",
    "slug": "h-s-in-usa",
    "author": 1,
    "body": "Is it really worth it?",
    "publish": "2024-10-26T06:51:33Z",
    "created": "2024-10-26T06:51:37.302Z",
    "updated": "2024-10-30T16:10:47.307Z",
    "status": "PB"
  }
},
{
  "model": "blog.post",
  "pk": 8,
  "fields": {
    "title": "Post about my depression",
    "slug": "depressing-post",
    "author": 1,
    "body": "Why am i depressed??",
    "publish": "2024-10-26T06:55:34.483Z",
    "created": "2024-10-26T06:55:34.483Z",
    "updated": "2024-10-26T06:55:34.483Z",
    "status": "DF"
  }
},
{
  "model": "blog.post",
  "pk": 9,
  "fields": {
    "title": "Disturbance at the Middle of the Night",
    "slug": "disturbance-at-the-middle-of-the-night",
    "author": 1,
    "body": "So what happened last night? \r\n1. Dogs barking\r\n2. People chasing a man\r\nAll this chaos. But why??",
    "publish": "2024-10-26T16:40:32Z",
    "created": "2024-10-26T16:41:41.079Z",
    "updated": "2024-10-30T16:11:36.229Z",
    "status": "PB"
  }
},
{
  "model": "blog.post",
  "pk": 10,
  "fields": {
    "title": "Signs of Apocalypse",
    "slug": "signs-of-apocalypse",
    "author": 1,
    "body": "One of the major signs of the apocalypse is that the Arabs will race in pursue of creating the tallest buildings",
    "publish": "2024-10-27T08:24:57Z",
    "created": "2024-10-27T08:25:56.253Z",
    "updated": "2024-10-30T16:11:48.193Z",
    "status": "PB"
  }
},
{
  "model": "blog.post",
  "pk": 11,
  "fields": {
    "title": "Terrifer 3",
    "slug": "terrifer-3",
    "author": 1,
    "body": "Terrifier 3 has been released. Aside from the exceptional gore and violence, not much has been improved in the storyline. The movie ends in a cliffhanger.",
    "publish": "2024-10-27T08:26:00Z",
    "created": "2024-10-27T08:27:26.515Z",
    "updated": "2024-10-30T16:12:00.041Z",
    "status": "PB"
  }
},
{
  "model": "blog.post",
  "pk": 12,
  "fields": {
    "title": "Absolute Batman",
    "slug": "absolute-batman",
    "author": 1,
    "body": "So absolute batman is a batman from an alternate universe which is created by Darkseid. Here Bruce Wayne isn't a millionaire playboy. Instead, he is a city engineer who knows the city inside out.",
    "publish": "2024-10-27T08:27:36Z",
    "created": "2024-10-27T08:29:03.337Z",
    "updated": "2024-10-30T16:11:22.965Z",
    "status": "PB"
  }
},
{
  "model": "blog.post",
  "pk": 13,
  "fields": {
    "title": "Tripowin Piccolo",
    "slug": "tripowin-piccolo",
    "author": 1,
    "body": "The Tripowin Piccolo is a budget IEM that comes in a metal shell. If paired with proper cable, eartips and power source, this IEM can beat sub $50 IEMs.",
    "publish": "2024-10-27T08:29:11Z",
    "created": "2024-10-27T08:30:38.021Z",
    "updated": "2024-10-30T16:12:14.169Z",
    "status": "PB"
  }
},
{
  "model": "blog.post",
  "pk": 14,
  "fields": {
    "title": "Markdown Post",
    "slug": "markdown-post",
    "author": 1,
    "body": "This is a post formatted with markdown\r\n--------------------------------------------\r\n\r\n*This is emphasized* and **This is more emphasized**.\r\n\r\nHere is a list:\r\n\r\n* One\r\n* Two\r\n* Three\r\n\r\nAnd a [link to the Django website](https://www.djangoproject.com)",
    "publish": "2024-11-03T08:15:32Z",
    "created": "2024-11-03T08:21:08.884Z",
    "updated": "2024-11-03T08:22:20.366Z",
    "status": "PB"
  }
},
{
  "model": "blog.comment",
  "pk": 1,
  "fields": {
    "post": 13,
    "name": "Dipto",
    "email": "jhdhj999@outlook.com",
    "body": "Are there any other IEMs in this range??",
    "created": "2024-10-29T11:32:11.742Z",
    "updated": "2024-10-29T11:32:11.742Z",
    "active": true
  }
},
{
  "model": "blog.comment",
  "pk": 2,
  "fields": {
    "post": 13,
    "name": "Dipto",
    "email": "jhdhj999@outlook.com",
    "body": "wow! Wonderful",
    "created": "2024-10-29T11:32:45.614Z",
    "updated": "2024-10-29T11:32:45.614Z",
    "active": true
  }
},
{
  "model": "blog.comment",
  "pk": 3,
  "fields": {
    "post": 13,
    "name": "Dipto",
    "email": "jhdhj999@outlook.com",
    "body": "wow! Wonderful",
    "created": "2024-10-29T11:32:47.236Z",
    "updated": "2024-10-29T11:32:47.236Z",
    "active": true
  }
},
{
  "model": "blog.comment",
  "pk": 4,
  "fields": {
    "post": 4,
    "name": "Dipto",
    "email": "jhdhj999@outlook.com",
    "body": "Facing it on my s21 fe",
    "created": "2024-10-29T13:54:34.707Z",
    "updated": "2024-10-29T13:54:34.707Z",
    "active": true
  }
}
]
